[
  {
    "Name": "1-2-2",
    "Lines": [
      {
        "Order": 1,
        "Positions": [
          {
            "Order": 1
          }
        ]
      },
      {
        "Order": 2,
        "Positions": [
          {
            "Order": 1
          },
          {
            "Order": 2
          }
        ]
      },
      {
        "Order": 3,
        "Positions": [
          {
            "Order": 1
          },
          {
            "Order": 2
          }
        ]
      }
    ]
  },
  {
    "Name": "2-1-2",
    "Lines": [
      {
        "Order": 1,
        "Positions": [
          {
            "Order": 1
          },
          {
            "Order": 2
          }
        ]
      },
      {
        "Order": 2,
        "Positions": [
          {
            "Order": 1
          }
        ]
      },
      {
        "Order": 3,
        "Positions": [
          {
            "Order": 1
          },
          {
            "Order": 2
          }
        ]
      }
    ]
  }
]
